Country,Code,Year,Month,Money supply billion currency units,Consumer Price Index (CPI),Inflation monthly percent change in the CPI,Inflation annual percent change in the CPI,Private sector credit billion currency units,Business credit billion currency units,Household credit billion currency units,Mortgage credit billion currency units,Consumer credit billion currency units,Bank deposit interest rate percent,Business credit interest rate percent,Mortgage credit interest rate percent,Credit gap,Debt service ratios for private non-financial sector,Exchange rate USD
Ukraine,UKR,1992,1,,0,,,,,,,,,,,,,
Ukraine,UKR,1992,2,,0,15.3,,,,,,,,,,,,
Ukraine,UKR,1992,3,,0,12.1,,,,,,,,,,,,
Ukraine,UKR,1992,4,,0,7.6,,,,,,,,,,,,
Ukraine,UKR,1992,5,,0,14.4,,,,,,,,,,,,
Ukraine,UKR,1992,6,,0,26.5,,,,,,,,,,,,
Ukraine,UKR,1992,7,,0,22.1,,,,,,,,,,,,
Ukraine,UKR,1992,8,,0,8.3,,,,,,,,,,,,
Ukraine,UKR,1992,9,,0.01,10.6,,,,,,,,,,,,
Ukraine,UKR,1992,10,,0.01,12.4,,,,,,,,,,,,
Ukraine,UKR,1992,11,,0.01,22,,,,,,,,,,,,
Ukraine,UKR,1992,12,,0.01,35.1,,,,,,,,,,,,
Ukraine,UKR,1993,1,,0.02,73.2,844.48,,,,,,,,,,,
Ukraine,UKR,1993,2,,0.02,28.8,955.07,,,,,,,,,,,
Ukraine,UKR,1993,3,,0.03,22.1,1049.19,,,,,,,,,,,
Ukraine,UKR,1993,4,,0.03,23.6,1220.06,,,,,,,,,,,
Ukraine,UKR,1993,5,,0.04,27.6,1372.38,,,,,,,,,,,
Ukraine,UKR,1993,6,,0.07,71.7,1898.48,,,,,,,,,,,
Ukraine,UKR,1993,7,,0.1,37.6,2152.17,,,,,,,,,,,
Ukraine,UKR,1993,8,,0.12,21.7,2430.84,,,,,,,,,,,
Ukraine,UKR,1993,9,,0.21,80.3,4025.76,,,,,,,,,,,
Ukraine,UKR,1993,10,,0.35,66.1,5996.9,,,,,,,,,,,
Ukraine,UKR,1993,11,,0.5,45.3,7161.29,,,,,,,,,,,
Ukraine,UKR,1993,12,,0.96,90.8,10155.03,,,,,,,,,,,
Ukraine,UKR,1994,1,,1.15,19.2,6957.73,,,,,,,,,,,
Ukraine,UKR,1994,2,,1.29,12.6,6070.04,,,,,,,,,,,
Ukraine,UKR,1994,3,,1.36,5.7,5241.31,,,,,,,,,,,
Ukraine,UKR,1994,4,,1.45,6,4480.73,,,,,,,,,,,
Ukraine,UKR,1994,5,,1.52,5.2,3676.59,,,,,,,,,,,
Ukraine,UKR,1994,6,,1.58,3.9,2185.31,,,,,,,,,,,
Ukraine,UKR,1994,7,,1.61,2.1,1595.71,,,,,,,,,,,
Ukraine,UKR,1994,8,,1.66,2.6,1329.58,,,,,,,,,,,
Ukraine,UKR,1994,9,,1.78,7.3,750.77,,,,,,,,,,,
Ukraine,UKR,1994,10,,2.18,22.6,527.96,,,,,,,,,,,
Ukraine,UKR,1994,11,,3.75,72.3,644.65,,,,,,,,,,,
Ukraine,UKR,1994,12,,4.82,28.4,401.12,,,,,,,,,,,
Ukraine,UKR,1995,1,,5.84,21.2,409.53,,,,,,,,,,,
Ukraine,UKR,1995,2,,6.9,18.1,434.41,,,,,,,,,,,
Ukraine,UKR,1995,3,,7.69,11.4,463.23,,,,,,,,,,,
Ukraine,UKR,1995,4,,8.13,5.8,462.17,,,,,,,,,,,
Ukraine,UKR,1995,5,,8.51,4.6,458.96,,,,,,,,,,,
Ukraine,UKR,1995,6,,8.91,4.8,463.81,,,,,,,,,,,
Ukraine,UKR,1995,7,,9.38,5.2,480.92,,,,,,,,,,,
Ukraine,UKR,1995,8,,9.81,4.6,492.25,,,,,,,,,,,
Ukraine,UKR,1995,9,,11.2,14.2,530.33,,,,,,,,,,,
Ukraine,UKR,1995,10,,12.22,9.1,460.93,,,,,,,,,,,
Ukraine,UKR,1995,11,,12.98,6.2,245.74,,,,,,,,,,,
Ukraine,UKR,1995,12,,13.58,4.6,181.65,,,,,,,,,,,
Ukraine,UKR,1996,1,,14.85,9.4,154.23,,,,,,,,,,,
Ukraine,UKR,1996,2,,15.95,7.4,131.2,,,,,,,,,,,
Ukraine,UKR,1996,3,,16.43,3,113.76,,,,,,,,,,,
Ukraine,UKR,1996,4,,16.82,2.4,106.89,,,,,,,,,,,
Ukraine,UKR,1996,5,,16.94,0.7,99.18,,,,,,,,,,,
Ukraine,UKR,1996,6,,16.96,0.1,90.25,,,,,,,,,,,
Ukraine,UKR,1996,7,,16.99,0.2,81.2,,,,,,,,,,,
Ukraine,UKR,1996,8,,17.96,5.7,83.11,,,,,,,,,,,
Ukraine,UKR,1996,9,,18.32,2,63.55,,,,,,,,,,,
Ukraine,UKR,1996,10,,18.6,1.5,52.16,,,,,,,,,,,
Ukraine,UKR,1996,11,,18.82,1.2,44.99,,,,,,,,,,,
Ukraine,UKR,1996,12,,18.99,0.9,39.86,,,,,,,,,,,
Ukraine,UKR,1997,1,,19.41,2.2,30.66,,,,,,,,,,,
Ukraine,UKR,1997,2,,19.64,1.2,23.12,,,,,,,,,,,
Ukraine,UKR,1997,3,,19.66,0.1,19.65,,,,,,,,,,,
Ukraine,UKR,1997,4,,19.82,0.8,17.78,,,,,,,,,,,
Ukraine,UKR,1997,5,,19.97,0.8,17.9,,,,,,,,,,,
Ukraine,UKR,1997,6,,19.99,0.1,17.9,,,,,,,,,,,
Ukraine,UKR,1997,7,,20.01,0.1,17.78,,,,,,,,,,,
Ukraine,UKR,1997,8,,20.01,0,11.43,,,,,,,,,,,
Ukraine,UKR,1997,9,,20.25,1.2,10.55,,,,,,,,,,,
Ukraine,UKR,1997,10,,20.44,0.9,9.9,,,,,,,,,,,
Ukraine,UKR,1997,11,,20.62,0.9,9.57,,,,,,,,,,,
Ukraine,UKR,1997,12,,20.91,1.4,10.12,,,,,,,,,,,
Ukraine,UKR,1998,1,,21.18,1.3,9.15,,,,,,,,,,,
Ukraine,UKR,1998,2,,21.22,0.2,8.07,,,,,,,,,,,
Ukraine,UKR,1998,3,,21.27,0.2,8.18,,,,,,,,,,,
Ukraine,UKR,1998,4,,21.54,1.3,8.71,,,,,,,,,,,
Ukraine,UKR,1998,5,,21.54,0,7.85,,,,,,,,,,,
Ukraine,UKR,1998,6,,21.54,0,7.74,,,,,,,,,,,
Ukraine,UKR,1998,7,,21.35,-0.9,6.67,,,,,,,,,,,
Ukraine,UKR,1998,8,,21.39,0.2,6.88,,,,,,,,,,,
Ukraine,UKR,1998,9,,22.2,3.8,9.63,,,,,,,,,,,
Ukraine,UKR,1998,10,,23.58,6.2,15.38,,,,,,,,,,,
Ukraine,UKR,1998,11,,24.29,3,17.79,,,,,,,,,,,
Ukraine,UKR,1998,12,,25.09,3.3,19.99,,,,,,,,,,,
Ukraine,UKR,1999,1,,25.47,1.5,20.23,,,,,,,,,,,
Ukraine,UKR,1999,2,,25.72,1,21.19,,,,,,,,,,,
Ukraine,UKR,1999,3,,25.98,1,22.16,,,,,,,,,,,
Ukraine,UKR,1999,4,,26.57,2.3,23.36,,,,,,,,,,,
Ukraine,UKR,1999,5,,27.21,2.4,26.32,,,,,,,,,,,
Ukraine,UKR,1999,6,,27.24,0.1,26.45,,,,,,,,,,,
Ukraine,UKR,1999,7,,26.97,-1,26.32,,,,,,,,,,,
Ukraine,UKR,1999,8,,27.24,1,27.33,,,,,,,,,,,
Ukraine,UKR,1999,9,,27.62,1.4,24.39,,,,,,,,,,,
Ukraine,UKR,1999,10,,27.92,1.1,18.41,,,,,,,,,,,
Ukraine,UKR,1999,11,,28.73,2.9,18.3,,,,,,,,,,,
Ukraine,UKR,1999,12,,29.91,4.1,19.21,,,,,,,,,,,
Ukraine,UKR,2000,1,21.47,31.29,4.6,22.86,,,,,,,,,,,
Ukraine,UKR,2000,2,22.26,32.32,3.3,25.65,,,,,,,,,,,
Ukraine,UKR,2000,3,23.29,32.96,2,26.9,,,,,,,,,,,
Ukraine,UKR,2000,4,24.41,33.52,1.7,26.15,,,,,,,,,,,
Ukraine,UKR,2000,5,25.35,34.23,2.1,25.78,,,,,,,,,,,
Ukraine,UKR,2000,6,26.36,35.5,3.7,30.31,,,,,,,,,,,
Ukraine,UKR,2000,7,27.48,35.46,-0.1,31.49,,,,,,,,,,,
Ukraine,UKR,2000,8,28.78,35.46,0,30.19,,,,,,,,,,,
Ukraine,UKR,2000,9,28.08,36.38,2.6,31.73,,,,,,,,,,,
Ukraine,UKR,2000,10,28.04,36.89,1.4,32.12,,,,,,,,,,,
Ukraine,UKR,2000,11,28.66,37.04,0.4,28.91,,,,,,,,,,,
Ukraine,UKR,2000,12,31.54,37.63,1.6,25.82,,,,,,,,,,,
Ukraine,UKR,2001,1,30.33,38.2,1.5,22.09,,,,,,,,,,,
Ukraine,UKR,2001,2,31.1,38.43,0.6,18.9,,,,,,,,,,,
Ukraine,UKR,2001,3,32.53,38.66,0.6,17.26,,,,,,,,,,,
Ukraine,UKR,2001,4,33.57,39.24,1.5,17.03,,,,,,,,,,,
Ukraine,UKR,2001,5,34.72,39.39,0.4,15.09,,,,,,,,,,,
Ukraine,UKR,2001,6,36.55,39.63,0.6,11.64,,,,,,,,,,,
Ukraine,UKR,2001,7,36.99,38.96,-1.7,9.86,,,,,,,,,,,
Ukraine,UKR,2001,8,37.93,38.88,-0.2,9.64,,,,,,,,,,,
Ukraine,UKR,2001,9,39.29,39.03,0.4,7.29,,,,,,,,,,,
Ukraine,UKR,2001,10,40.42,39.11,0.2,6.02,,,,,,,,,,,
Ukraine,UKR,2001,11,41.2,39.31,0.5,6.12,,,,,,,,,,,
Ukraine,UKR,2001,12,45.19,39.94,1.6,6.12,,,,,,,,,,,
Ukraine,UKR,2002,1,43.28,40.3,0.92,5.52,,,,,,,,,,,
Ukraine,UKR,2002,2,44.73,39.76,-1.36,3.47,,,,,,,,,,,
Ukraine,UKR,2002,3,47.03,39.49,-0.69,2.15,,,,,,,,,,,
Ukraine,UKR,2002,4,48.09,40.03,1.38,2.03,,,,,,,,,,,
Ukraine,UKR,2002,5,48.61,39.91,-0.29,1.33,,,,,,,,,,,
Ukraine,UKR,2002,6,51.06,39.21,-1.76,-1.05,,,,,,,,,,,
Ukraine,UKR,2002,7,53.69,38.63,-1.49,-0.84,,,,,,,,,,,
Ukraine,UKR,2002,8,56.15,38.55,-0.2,-0.84,,,,,,,,,,,
Ukraine,UKR,2002,9,57.62,38.63,0.2,-1.04,,,,,,,,,,,
Ukraine,UKR,2002,10,58.6,38.9,0.71,-0.54,,,,,,,,,,,
Ukraine,UKR,2002,11,59.47,39.17,0.7,-0.34,,,,,,,,,,,
Ukraine,UKR,2002,12,64.39,39.72,1.39,-0.54,,,,,,,,,,,
Ukraine,UKR,2003,1,62.69,40.3,1.47,0,,,,,,,,,,,
Ukraine,UKR,2003,2,64.87,40.73,1.06,2.45,,,,,,,,,,,
Ukraine,UKR,2003,3,69.61,41.2,1.15,4.35,,,,,,,,,,,
Ukraine,UKR,2003,4,71.92,41.48,0.66,3.61,,,,,,,,,,,
Ukraine,UKR,2003,5,73.44,41.48,0,3.91,,,,,,,,,,,
Ukraine,UKR,2003,6,78.54,41.51,0.09,5.87,,,,,,,,,,,
Ukraine,UKR,2003,7,80.19,41.48,-0.09,7.37,,,,,,,,,,,
Ukraine,UKR,2003,8,82.45,40.77,-1.69,5.77,,,,,,,,,,,
Ukraine,UKR,2003,9,85.94,41.05,0.67,6.26,,,,,,,,,,,
Ukraine,UKR,2003,10,86.36,41.55,1.24,6.82,,,,,,,,,,,
Ukraine,UKR,2003,11,87.76,42.33,1.88,8.07,,,,,,,,,,,
Ukraine,UKR,2003,12,94.6,43,1.57,8.25,,,,,,,,,,,
Ukraine,UKR,2004,1,92.56,43.58,1.36,8.13,,,,,,,,,,,
Ukraine,UKR,2004,2,95.79,43.78,0.45,7.47,,,,,,,,,,,
Ukraine,UKR,2004,3,100.96,43.93,0.36,6.63,,,,,,,,,,,
Ukraine,UKR,2004,4,104.74,44.25,0.71,6.68,,,,,,,,,,,
Ukraine,UKR,2004,5,109.22,44.56,0.71,7.43,,,,,,,,,,,
Ukraine,UKR,2004,6,113.6,44.87,0.7,8.08,,,,,,,,,,,
Ukraine,UKR,2004,7,116.8,44.87,0,8.18,,,,,,,,,,,
Ukraine,UKR,2004,8,121.1,44.83,-0.09,9.95,,,,,,,,,,,
Ukraine,UKR,2004,9,130.02,45.42,1.31,10.65,,,,,,,,,,,5.3164
Ukraine,UKR,2004,10,126.02,46.39,2.15,11.64,,,,,,,,,,,5.3171
Ukraine,UKR,2004,11,124.97,47.13,1.6,11.34,,,,,,,,,,,5.3154
Ukraine,UKR,2004,12,125.48,48.26,2.4,12.25,,,,,,,,,,,5.3168
Ukraine,UKR,2005,1,125.5,49.08,1.7,12.62,,,,,,,,,,,5.3099
Ukraine,UKR,2005,2,130.59,49.5,0.85,13.07,,,,,,,,,,,5.3001
Ukraine,UKR,2005,3,139.72,50.33,1.68,14.56,,,,,,,,,,,5.2869
Ukraine,UKR,2005,4,146.23,50.64,0.62,14.45,,,,,,,,,,,5.1719
Ukraine,UKR,2005,5,147.64,50.95,0.61,14.35,,,,,,,,,,,5.0366
Ukraine,UKR,2005,6,156.1,51.26,0.61,14.25,,,,,,,,,,,5.0442
Ukraine,UKR,2005,7,158.85,51.47,0.4,14.71,,,,,,,,,,,5.0169
Ukraine,UKR,2005,8,164.49,51.47,0,14.81,,,,,,,,,,,4.9833
Ukraine,UKR,2005,9,170.72,51.68,0.4,13.79,,,,,,,,,,,5.0122
Ukraine,UKR,2005,10,173.97,52.09,0.8,12.29,,,,,,,,,,,5.0389
Ukraine,UKR,2005,11,179.55,52.72,1.2,11.84,,,,,,,,,,,5.0243
Ukraine,UKR,2005,12,193.15,53.23,0.98,10.3,,,,,,,,,,,5.0284
Ukraine,UKR,2006,1,187.92,53.86,1.17,9.73,136.15,99.82,36.33,2.75,,13.3,15.87,,,,5.0655
Ukraine,UKR,2006,2,190.23,54.79,1.73,10.69,141.2,103.03,38.17,3.75,,12.88,17.07,16.32,,,5.0595
Ukraine,UKR,2006,3,194.42,54.69,-0.19,8.66,149.12,107.74,41.37,4.74,,12.77,15.95,16.18,,,5.063
Ukraine,UKR,2006,4,200.27,54.48,-0.38,7.58,154.21,109.82,44.39,5.47,,12.79,16.22,16.03,,,5.0542
Ukraine,UKR,2006,5,206.42,54.69,0.38,7.33,161.56,113.36,48.2,11.66,,12.8,16.23,15.73,,,5.0221
Ukraine,UKR,2006,6,213.15,54.79,0.19,6.88,170.25,118.52,51.73,12.74,,12.36,16.56,16.25,,,5.0099
Ukraine,UKR,2006,7,220.56,55.21,0.76,7.26,177.31,121.11,56.2,13.84,,12.47,16.03,15.8,,,5.0275
Ukraine,UKR,2006,8,225.35,55.21,0,7.26,185.6,123.59,62.01,14.97,,12.57,15.74,16.28,,,5.0175
Ukraine,UKR,2006,9,233.41,56.35,2.07,9.04,198.65,132.28,66.37,16.49,,12.49,15.7,15.36,,,5.0179
Ukraine,UKR,2006,10,237.14,57.8,2.58,10.96,206.28,135.51,70.77,18.24,,12.61,15.88,15.82,,,5.0388
Ukraine,UKR,2006,11,242.75,58.84,1.8,11.61,220.31,144.37,75.94,20.41,,12.58,15.24,16.13,,,5.0393
Ukraine,UKR,2006,12,259.41,59.36,0.88,11.5,233.74,151.71,82.03,20.99,,12.83,15.83,16.38,,,5.0333
Ukraine,UKR,2007,1,254.47,59.67,0.52,10.79,234.25,150.73,83.52,21.58,,13.02,15.17,18.35,,,5.0547
Ukraine,UKR,2007,2,259.49,60.08,0.7,9.66,244.25,157.03,87.21,23.16,,12.47,15.42,16.06,,,5.0376
Ukraine,UKR,2007,3,269.52,60.19,0.17,10.06,260.85,167.54,93.3,24.75,,12.33,15.02,16.13,,,5.035
Ukraine,UKR,2007,4,279.12,60.19,0,10.48,270.16,170.79,99.38,26.04,,12.68,15.26,16.04,,,5.0313
Ukraine,UKR,2007,5,285.31,60.5,0.52,10.63,281.48,176.37,105.1,27.74,,12.85,14.87,16,,,5.0228
Ukraine,UKR,2007,6,299.91,61.85,2.23,12.88,302.06,190.19,111.87,29.42,,12.67,15.79,17.18,,,5.0286
Ukraine,UKR,2007,7,313.61,62.68,1.34,13.53,315.41,195.1,120.31,31.21,,12.67,14.6,15.56,,,5.0084
Ukraine,UKR,2007,8,325.35,63.09,0.66,14.29,330.41,203.1,127.31,33.09,,12.48,14.34,14.96,,,5.0108
Ukraine,UKR,2007,9,344.89,64.44,2.14,14.36,350.08,215.99,134.09,35.32,,12.56,14.85,15.02,,,5.0139
Ukraine,UKR,2007,10,350.43,66.31,2.9,14.72,363.54,221.74,141.8,37.78,,12.73,14.77,15.09,,,5.0465
Ukraine,UKR,2007,11,361.6,67.87,2.35,15.34,384.9,234.69,150.21,40.78,,12.66,14.67,14.9,,,5.0393
Ukraine,UKR,2007,12,391.27,69.21,1.99,16.61,407.61,247.15,160.46,41.84,,12.43,14.75,14.92,,,5.0577
Ukraine,UKR,2008,1,386.35,71.29,3,19.48,417.33,252.47,164.86,44.16,,12.5,14.08,14.32,,,5.0595
Ukraine,UKR,2008,2,393.48,73.16,2.62,21.76,436.61,262.29,174.32,47.11,,12.55,14.81,15.39,,,5.0487
Ukraine,UKR,2008,3,411.45,75.96,3.83,26.21,461.9,278.26,183.64,49.83,,13.1,15.78,15.69,,,5.0111
Ukraine,UKR,2008,4,425.17,78.35,3.14,30.17,475.04,283.08,191.96,49.94,,14.24,17.19,15.69,,,4.9295
Ukraine,UKR,2008,5,425.35,79.28,1.19,31.05,479.42,285.8,193.62,51.59,,15.27,18.04,17.74,,,4.76
Ukraine,UKR,2008,6,446.32,80.01,0.92,29.36,496.65,297.92,198.73,53.29,,15.87,18.32,18.23,,,4.6942
Ukraine,UKR,2008,7,463.06,79.59,-0.52,26.99,510.49,305.95,204.54,54.41,,15.98,17.58,19.7,,,4.6074
Ukraine,UKR,2008,8,470.62,79.49,-0.13,25.99,525.88,317.06,208.82,55.59,,15.71,18.29,19.13,,,4.6253
Ukraine,UKR,2008,9,473.72,80.32,1.04,24.64,542.73,329.1,213.63,64.1,,16.21,18.23,19.24,,,4.8749
Ukraine,UKR,2008,10,477.2,81.77,1.81,23.32,592.99,354.28,238.71,73.98,,16.94,20.3,20.24,,,5.2351
Ukraine,UKR,2008,11,480.22,82.91,1.4,22.17,645.16,384.99,260.17,88.35,,18.24,23.43,18.8,,,5.8375
Ukraine,UKR,2008,12,512.53,84.68,2.13,22.34,686.84,406.28,280.56,102.37,,19.64,24.38,19.58,,,7.7508
Ukraine,UKR,2009,1,489.61,87.17,2.94,22.27,675.89,400.15,275.75,102.13,,20.13,26.83,19.92,,,7.9482
Ukraine,UKR,2009,2,467.9,88.41,1.43,20.85,666.91,396.38,270.53,101.62,,19.94,29.59,20.62,,,7.985
Ukraine,UKR,2009,3,460.96,89.66,1.41,18.03,663.89,397.54,266.35,100.7,,20.35,27.28,26.75,,,8.0907
Ukraine,UKR,2009,4,462.74,90.49,0.93,15.5,658.9,396.31,262.59,99.33,,20.29,21.64,18.33,,,8.008
Ukraine,UKR,2009,5,466,90.9,0.46,14.66,654.68,397.42,257.27,98.89,,20.31,20.37,18.9,,,7.7279
Ukraine,UKR,2009,6,469.99,91.94,1.14,14.92,655.97,401.18,254.78,99.15,,20.45,19.82,19,,,7.6498
Ukraine,UKR,2009,7,469.37,91.84,-0.11,15.38,657.24,404.69,252.55,102.62,,20.08,18.32,18.44,,,7.7227
Ukraine,UKR,2009,8,468.71,91.63,-0.23,15.27,666.73,410.94,255.8,102.05,,20.14,18.5,17.79,,,8.2162
Ukraine,UKR,2009,9,466.97,92.46,0.91,15.12,667.86,415.53,252.33,101.41,,20.03,19.29,19.05,,,8.5064
Ukraine,UKR,2009,10,465.72,93.29,0.9,14.09,665.15,415.7,249.44,99.8,,20.2,20.43,19.57,,,8.2352
Ukraine,UKR,2009,11,467.69,94.22,1,13.64,661.27,415.95,245.32,98.79,,20.34,21.2,19.8,,,8.1146
Ukraine,UKR,2009,12,484.77,95.16,0.99,12.38,660.94,419.63,241.31,96.9,,20.43,20.89,21.42,,,7.993
Ukraine,UKR,2010,1,477.55,96.82,1.74,11.07,648.06,411.75,236.31,92.98,,20.39,19.1,18.49,,,8.0566
Ukraine,UKR,2010,2,478.05,98.69,1.93,11.62,646.44,413.42,233.02,91.59,,20.25,19.05,20.39,,,8.0238
Ukraine,UKR,2010,3,492.96,99.52,0.84,11,666.17,436.83,229.34,90.24,,19.68,14.72,21.16,,,7.9667
Ukraine,UKR,2010,4,509.57,99.31,-0.21,9.75,668.14,441.75,226.39,89.23,,18.42,18.87,21.67,,,7.9229
Ukraine,UKR,2010,5,519.99,98.69,-0.63,8.56,666.06,441.99,224.07,88.04,,17.6,16.86,22.43,,,7.9267
Ukraine,UKR,2010,6,532.13,98.27,-0.42,6.88,666.61,445.29,221.32,87.88,,17.09,15.42,22.79,,,7.9194
Ukraine,UKR,2010,7,550.1,98.06,-0.21,6.78,673.83,453.1,220.73,87.48,,15.74,15.79,18.88,,,7.906
Ukraine,UKR,2010,8,555.33,99.2,1.16,8.27,677.47,458.42,219.06,86.67,,14.47,15.14,21.53,,,7.8945
Ukraine,UKR,2010,9,567.75,102.11,2.93,10.44,686.72,467.95,218.76,86.03,,14.56,15.01,19.31,,,7.9275
Ukraine,UKR,2010,10,574.95,102.63,0.51,10.01,690.75,473.32,217.43,84.41,,13.91,14.62,17.05,,,7.9483
Ukraine,UKR,2010,11,572.66,102.94,0.3,9.25,667.24,452.73,214.51,81.95,,13.57,14.59,17.71,,,7.959
Ukraine,UKR,2010,12,596.84,103.77,0.81,9.05,664.53,454.92,209.61,81.37,,13.83,16.16,18.18,,,7.9699
Ukraine,UKR,2011,1,599.38,104.81,1,8.25,663.11,454.36,208.74,80.9,,13.52,12.13,18.21,,,7.9564
Ukraine,UKR,2011,2,603.1,105.74,0.89,7.15,670.23,461.56,208.67,80.25,,12.93,13.41,18.12,,,7.954
Ukraine,UKR,2011,3,618.73,107.19,1.37,7.72,681.61,473.96,207.65,77.96,,12.3,15.25,17.8,,,7.9551
Ukraine,UKR,2011,4,635.43,108.65,1.36,9.4,688.96,481.04,207.92,77.43,,11.85,13.34,15.63,,,7.9735
Ukraine,UKR,2011,5,632.78,109.48,0.76,10.94,695.19,487.04,208.15,77.09,,12.12,13.35,15.73,,,7.9835
Ukraine,UKR,2011,6,648.99,109.89,0.38,11.83,701.44,492.9,208.54,78.34,,11.73,15.19,16.82,,,7.991
Ukraine,UKR,2011,7,653.2,108.54,-1.23,10.69,703.62,495.01,208.6,77.46,,11.77,10.62,16.77,,,7.9961
Ukraine,UKR,2011,8,661.01,108.02,-0.48,8.89,713.05,504.08,208.98,75.79,,11.55,16.72,15.66,,,7.9984
Ukraine,UKR,2011,9,658.84,108.13,0.1,5.89,722.36,514.87,207.49,75.14,,12.29,15.2,15.57,,,8.001
Ukraine,UKR,2011,10,662.97,108.13,0,5.36,724.77,517.63,207.14,74.36,,13.64,16.32,16.71,,,8.004
Ukraine,UKR,2011,11,650.3,108.34,0.19,5.24,718.88,514.25,204.63,70.45,,15.99,19.07,15.88,,,8.0141
Ukraine,UKR,2011,12,681.8,108.54,0.19,4.6,719.38,518.09,201.29,69.76,,18.63,17.99,16.53,,,8.0172
Ukraine,UKR,2012,1,672,108.75,0.19,3.76,716.72,516.63,200.09,70.5,,18.08,16.4,16.88,,,8.0293
Ukraine,UKR,2012,2,676.22,108.96,0.19,3.04,718.13,520.19,197.94,67.02,,16.93,15.3,17.32,,,8.0241
Ukraine,UKR,2012,3,688.15,109.27,0.29,1.94,717.2,522.35,194.86,65.96,,16.54,15.88,17.17,,,8.0297
Ukraine,UKR,2012,4,696.94,109.27,0,0.57,722.17,528.41,193.76,64.59,,16.52,13.57,14.28,,,8.0331
Ukraine,UKR,2012,5,694.9,108.96,-0.28,-0.47,717.04,524.9,192.14,63.24,,16.22,17.93,17.89,,,8.0557
Ukraine,UKR,2012,6,707.3,108.65,-0.29,-1.13,719.86,530.11,189.75,62.8,,16.49,16.75,17.69,,,8.0811
Ukraine,UKR,2012,7,718.27,108.44,-0.19,-0.1,718.78,528.96,189.82,61.71,,17.6,14.79,17.7,,,8.086
Ukraine,UKR,2012,8,722.42,108.02,-0.38,0,722.73,533.24,189.49,61.28,,18.49,15.09,17.05,,,8.1082
Ukraine,UKR,2012,9,729.08,108.13,0.1,0,727.72,538.6,189.12,61.32,,19.63,17.17,16.72,,,8.1273
Ukraine,UKR,2012,10,726.84,108.13,0,0,734,543.88,190.12,60.39,,20.93,20.76,17.31,,,8.1493
Ukraine,UKR,2012,11,726.31,108.02,-0.1,-0.29,742.26,553.26,189,58.43,,22,18.28,17.51,,,8.1708
Ukraine,UKR,2012,12,771.13,108.23,0.19,-0.29,735.42,547.73,187.69,57.88,,21.7,18.27,17.71,,,8.1025
Ukraine,UKR,2013,1,777.9,108.5,0.25,-0.23,738.31,549.98,188.33,57.12,,21.52,15.24,18.63,,,8.1003
Ukraine,UKR,2013,2,785.52,108.4,-0.09,-0.51,745.61,557.34,188.26,56.88,,19.98,14.72,19.06,,,8.1253
Ukraine,UKR,2013,3,798.36,108.4,0,-0.8,747.73,559.28,188.45,56.49,,18.74,15.97,19.02,,,8.1339
Ukraine,UKR,2013,4,815.59,108.4,0,-0.8,751.65,561.54,190.11,55.96,,18.18,14.65,19.6,,,8.139
Ukraine,UKR,2013,5,819.28,108.5,0.09,-0.42,753.44,562.56,190.88,55.12,,17.73,16.28,18.8,,,8.1344
Ukraine,UKR,2013,6,834.25,108.5,0,-0.14,760.2,570.16,190.04,54.71,,15.85,14.98,18.24,,,8.152
Ukraine,UKR,2013,7,848.35,108.4,-0.09,-0.04,766.35,575.48,190.87,54.42,,15.22,15.83,18.33,,,8.149
Ukraine,UKR,2013,8,854.18,107.6,-0.74,-0.39,775.33,582.27,193.06,53.6,,15.85,12.18,17.67,,,8.1268
Ukraine,UKR,2013,9,868.76,107.6,0,-0.49,786.36,593,193.36,53.23,,16.39,10.52,17.92,,,8.1687
Ukraine,UKR,2013,10,870.06,108.1,0.46,-0.03,795.91,601.59,194.32,52.36,,16.88,14.84,18.99,,,8.1858
Ukraine,UKR,2013,11,877.13,108.3,0.19,0.25,806.71,613.89,192.82,51.45,,16.85,13.68,18.06,,,8.2046
Ukraine,UKR,2013,12,906.24,108.8,0.46,0.52,835.08,641.43,193.65,50.94,,17.89,13.84,18.31,,,8.2349
Ukraine,UKR,2014,1,890.21,109,0.18,0.46,825.55,632.94,192.6,59.5,,17.72,12.08,18.87,,,8.3489
Ukraine,UKR,2014,2,929.88,108.8,-0.18,0.37,892.85,684.1,208.75,60.41,,18.03,12.53,19.24,,,8.7491
Ukraine,UKR,2014,3,939.48,112.1,3.03,3.41,917.8,704.7,213.11,60.3,,19.61,18.83,17.5,,,9.9211
Ukraine,UKR,2014,4,947.11,115.9,3.39,6.92,927.46,713.93,213.53,64.32,,20.33,16.52,19.66,,,11.5035
Ukraine,UKR,2014,5,949.33,120.3,3.8,10.88,923.96,711.98,211.98,62.71,,19.87,13.55,18.57,,,11.6562
Ukraine,UKR,2014,6,945.66,121.5,1,11.98,896.44,691.14,205.3,63.15,,19.89,16.71,23.96,,,11.8144
Ukraine,UKR,2014,7,942.63,122,0.41,12.55,898.58,693.79,204.8,68.9,,19.7,15.19,17.7,,,11.7637
Ukraine,UKR,2014,8,1011.14,123,0.82,14.31,941.84,726.59,215.25,65.34,,19.51,17.28,16.22,,,12.9766
Ukraine,UKR,2014,9,992.05,126.6,2.93,17.66,911.17,703.26,207.9,64.47,,19.38,15.18,15.05,,,13.0388
Ukraine,UKR,2014,10,956.79,129.6,2.37,19.89,904.03,699.11,204.92,69.97,,19.06,12.18,15.45,,,12.9545
Ukraine,UKR,2014,11,969.16,132.1,1.93,21.98,924.57,712.84,211.73,71.8,,19.7,13.27,15.99,,,14.6813
Ukraine,UKR,2014,12,955.35,136,2.95,25,926.08,714.76,211.32,66.17,145.16,19.75,14.35,13.66,,,15.6745
Ukraine,UKR,2015,1,935.09,140.2,3.09,28.62,924.49,712.54,211.95,72.86,139.09,18.79,17.68,14.04,,,15.8581
Ukraine,UKR,2015,2,1135.21,147.7,5.35,35.75,1216.77,935.46,281.31,114.87,166.44,18.77,14.91,15.39,,,24.4747
Ukraine,UKR,2015,3,1024.37,163.6,10.77,45.94,1076.78,827.28,249.5,96.88,152.62,20.13,19.03,13.14,,,23.3582
Ukraine,UKR,2015,4,979.84,186.5,14,60.91,1007.48,773.94,233.54,87.55,145.98,22.05,17.87,15.83,,,23.2421
Ukraine,UKR,2015,5,963.47,190.6,2.2,58.44,949.28,745.08,204.2,67.95,136.25,22.04,22.69,15.12,,,20.8639
Ukraine,UKR,2015,6,974.81,191.4,0.42,57.53,949.49,746.17,203.32,67.41,135.91,20.94,20.97,11.19,,,21.2213
Ukraine,UKR,2015,7,968.05,189.5,-0.99,55.33,958.47,755.11,203.36,68.25,135.11,20.61,18.99,19.54,,,21.8247
Ukraine,UKR,2015,8,948.07,188,-0.79,52.85,947.57,747.2,200.37,66.58,133.79,20.03,23.51,10.3,,,21.7735
Ukraine,UKR,2015,9,936.09,192.3,2.29,51.9,893.71,720.15,173.56,62.57,110.99,20.07,18.35,9.6,,,21.771
Ukraine,UKR,2015,10,959.27,189.8,-1.3,46.45,918.22,740.64,177.59,65.05,112.54,20.33,18.35,10.73,,,21.9272
Ukraine,UKR,2015,11,969.8,193.6,2,46.56,940.08,757.51,182.57,68.54,114.03,19.98,21.95,10.74,,,23.2896
Ukraine,UKR,2015,12,993.81,194.9,0.67,43.31,890.97,716.06,174.9,66.17,108.73,20.06,17.84,3.74,,,23.4377
Ukraine,UKR,2016,1,994.73,196.7,0.92,40.3,911.41,732.93,178.47,68.25,110.22,19.47,20.56,18.09,,,24.3
Ukraine,UKR,2016,2,1015.24,195.9,-0.41,32.63,951.55,767.05,184.49,71.82,112.67,19.34,22.16,4.17,,,26.5037
Ukraine,UKR,2016,3,1006.85,197.9,1.02,20.97,926.55,749.64,176.91,67.37,109.54,18.92,23.02,17.48,,,26.2181
Ukraine,UKR,2016,4,1015.79,204.8,3.49,9.81,903.04,732.41,170.63,64.46,106.17,18.4,22.21,13.15,,,25.5456
Ukraine,UKR,2016,5,1020.31,205,0.1,7.56,902.62,732.86,169.76,63.73,106.03,17.76,22.39,13.41,,,25.2008
Ukraine,UKR,2016,6,1035.79,204.6,-0.2,6.9,876.16,710.52,165.64,61.56,104.08,17.81,21.6,13.12,,,24.917
Ukraine,UKR,2016,7,1044.04,204.4,-0.1,7.86,877.42,716.22,161.2,58.8,102.4,17.18,20.23,10.26,,,24.8234
Ukraine,UKR,2016,8,1047.11,203.8,-0.29,8.4,896.01,731.84,164.18,59.33,104.84,16.86,19.51,11.49,,,25.1449
Ukraine,UKR,2016,9,1053.86,207.4,1.77,7.85,899.82,735.63,164.19,59.14,105.05,16.23,18.64,11.92,,,26.2554
Ukraine,UKR,2016,10,1054.49,213.2,2.8,12.33,895.88,734.67,161.22,57.54,103.68,16.42,16.99,17.6,,,25.6915
Ukraine,UKR,2016,11,1044.7,217.1,1.83,12.14,896.06,735.33,160.73,56.84,103.89,16.43,17.75,17.27,,,25.7019
Ukraine,UKR,2016,12,1102.39,219,0.88,12.37,908.94,745.38,163.55,58.55,105.01,16.31,18.35,14.41,,,26.2864
Ukraine,UKR,2017,1,1065.66,221.4,1.1,12.56,898.46,734.58,163.88,57.91,105.97,16.05,19.22,10.44,,,27.2207
Ukraine,UKR,2017,2,1059.64,223.6,0.99,14.14,887.67,725.51,162.16,56.33,105.83,15.31,17.9,7.54,,,27.079
Ukraine,UKR,2017,3,1074.55,227.7,1.83,15.06,880.08,718.73,161.35,54.69,106.66,15.17,18.17,12.98,,,26.9844
Ukraine,UKR,2017,4,1088.96,229.7,0.88,12.16,874.62,714.55,160.07,53.61,106.47,14.62,18.31,14.54,,,26.8293
Ukraine,UKR,2017,5,1088.39,232.7,1.31,13.51,872.05,711.79,160.26,52.53,107.73,14.27,18.26,14.43,,,26.4105
Ukraine,UKR,2017,6,1103.16,235.3,1.12,15,864.04,704.52,159.51,51.31,108.21,14.41,17.69,14.97,,,26.1065
Ukraine,UKR,2017,7,1114.65,236.9,0.68,15.9,863.37,703.34,160.03,49.92,110.11,14.16,26.59,14.02,,,25.9573
Ukraine,UKR,2017,8,1104.32,236.7,-0.08,16.14,863.4,701.64,161.77,48.83,112.93,13.47,17.48,13.28,,,25.6376
Ukraine,UKR,2017,9,1123.8,241.4,1.99,16.39,878.58,713.85,164.73,49.15,115.58,12.99,13.67,16.05,,,26.1572
Ukraine,UKR,2017,10,1125.19,244.3,1.2,14.59,888,720.82,167.18,49.13,118.06,12.85,19.41,16.06,,,26.657
Ukraine,UKR,2017,11,1129.46,246.5,0.9,13.54,889.58,725.87,163.71,45.19,118.52,13.4,17.05,16.18,,,26.6938
Ukraine,UKR,2017,12,1208.56,249,1.01,13.7,916.61,742.34,174.27,48.27,126,13.37,17.75,17.27,,,27.5684
Ukraine,UKR,2018,1,1176.09,252.7,1.49,14.14,950.23,771.08,179.14,45.06,134.09,13.36,16.82,16.74,,,28.4657
Ukraine,UKR,2018,2,1170.04,255,0.91,14.04,937.3,759.85,177.44,44.38,133.07,13.35,16.91,17.39,,,27.106
Ukraine,UKR,2018,3,1168.11,257.8,1.1,13.22,938.03,758.82,179.21,43.81,135.4,13.44,17.95,17.03,,,26.2799
Ukraine,UKR,2018,4,1190.19,259.8,0.78,13.1,940.59,760.24,180.35,43.3,137.05,13.47,18.11,17.42,,,26.1782
Ukraine,UKR,2018,5,1196.07,259.8,0,11.65,945.68,762.16,183.52,42.77,140.74,13.4,18.54,17.47,,,26.2005
Ukraine,UKR,2018,6,1210.56,259.8,0,10.41,935.67,751.92,183.76,42.11,141.65,13.38,19.28,16.57,,,26.2482
Ukraine,UKR,2018,7,1226.93,258,-0.69,8.91,952.77,765.19,187.59,42.18,145.4,13.35,18.63,17.67,,,26.3897
Ukraine,UKR,2018,8,1231.23,258,0,9,995.22,792.25,202.97,50.84,152.13,13.48,20.41,17.14,,,27.5377
Ukraine,UKR,2018,9,1245.8,262.9,1.9,8.91,1005.07,801.12,203.95,50.02,153.93,13.72,20.53,17.73,,,28.19
Ukraine,UKR,2018,10,1241.39,267.4,1.71,9.46,1010.56,804.97,205.59,49.35,156.24,13.98,20.14,17.97,,,28.1173
Ukraine,UKR,2018,11,1224.89,271.1,1.38,9.98,1020.24,811.42,208.81,49.41,159.41,14.34,19.42,18.08,,,27.9283
Ukraine,UKR,2018,12,1273.77,273.3,0.81,9.76,974.31,773.02,201.29,44.46,156.84,14.71,20.94,18.31,,,27.749
Ukraine,UKR,2019,1,1254.48,276,0.99,9.22,967.57,764.51,203.06,44.47,158.59,14.95,20.31,16.58,,,27.8856
Ukraine,UKR,2019,2,1251.74,277.4,0.51,8.78,951.54,748.84,202.7,43.15,159.55,14.44,19.11,18.15,,,27.1377
Ukraine,UKR,2019,3,1249.42,279.9,0.9,8.57,966.52,759.78,206.73,43.25,163.49,14.27,20.39,18.84,,,26.8641
Ukraine,UKR,2019,4,1261,282.7,1,8.81,961.35,756.31,205.05,41.72,163.33,14.45,19.33,17.86,,,26.7439
Ukraine,UKR,2019,5,1256.45,284.7,0.71,9.58,944,735.38,208.62,41.19,167.43,14.49,19.59,17.84,,,26.3838
Ukraine,UKR,2019,6,1285.74,283.3,-0.49,9.05,939.27,730.66,208.61,40.13,168.48,15.16,19.41,18.74,,,26.4259
Ukraine,UKR,2019,7,1309.02,281.6,-0.6,9.15,926.32,716.65,209.67,38.87,170.8,15.55,18.98,15.72,,,25.6825
Ukraine,UKR,2019,8,1300.08,280.7,-0.32,8.8,928.16,714.45,213.7,38.83,174.87,15.36,20.24,14.81,,,25.2527
Ukraine,UKR,2019,9,1302.18,282.7,0.71,7.53,908.01,695.03,212.98,36.8,176.19,15.75,21.43,16.89,,,24.6854
Ukraine,UKR,2019,10,,284.7,,6.47,,,,,,,,,,,24.8312
Ukraine,UKR,2019,11,,,,,,,,,,,,,,,
Ukraine,UKR,2019,12,,,,,,,,,,,,,,,
